Parameter,Chisq,Df,p
MC_z,0.08170289034643569,1,0.775002834265761
Female,0.03642387303177704,1,0.8486428052576354
Age.z,1.4465342297238162,1,0.22908487980285247
