Parameter,Coefficient,CI_low,CI_high,p,Std_Coefficient
(Intercept),-2.591425449904561,-3.6123026382494654,-1.5705482615596562,6.516964109212658e-7,-0.037134971648334625
Moral.fNonmoral,0.22288094418956497,0.03602082813498397,0.40974106024414597,0.019398446612945475,0.07756339911553749
Agree.fDisagree,-0.00490463888890147,-0.1908487236589191,0.18103944588111617,0.9587694239338292,-0.0017068326098491763
Female,-0.39685734556738006,-1.2809416797710758,0.48722698863631575,0.3789623284454794,-0.06760909854748172
Age.z,1.1744100021903683,0.7347308841073517,1.614089120273385,1.6482013246838195e-7,0.4037809579579045
Moral.fNonmoral:Agree.fDisagree,-0.03738732125981482,-0.30232509211537784,0.22755044959574822,0.782098813382046,-0.01301092711749907
