Parameter,Chisq,Chi Df,Pr(>Chisq),Pr(>PB)
Moral.f,0.10718016048667778,1,0.7433776084789955,0.7372627372627373
Agree.f,1.2152352490065823,1,0.2702977672198751,0.2597402597402597
Female,4.825145067234189,1,0.02804750482749907,0.030969030969030968
Age.z,11.888803900917992,1,5.647237471874123e-4,0.001998001998001998
Moral.f:Agree.f,2.52912346778794,1,0.11176228431695501,0.11288711288711288
